<?xml version="1.0" encoding="UTF-8"?>
<datasources xmlns="http://www.jboss.org/ironjacamar/schema"
   xmlns:xsi="http://www.w3.org/2001/XMLSchema-instance"
   xsi:schemaLocation="http://www.jboss.org/ironjacamar/schema http://docs.jboss.org/ironjacamar/schema/datasources_1_0.xsd">
   <!-- The datasource is bound into JNDI at this location. We reference this in META-INF/persistence.xml -->
   <datasource jndi-name="java:jboss/datasources/HotelDS"
      pool-name="HotelDS" enabled="true"
      use-java-context="true">
		<connection-url>jdbc:mysql://localhost:3306/hotel_copacabana</connection-url>
		<driver-class>com.mysql.jdbc.Driver</driver-class>
		<driver>mysql</driver>
		<security>
			<user-name>root</user-name>
			<password>0353355</password>
		</security>
   </datasource>
</datasources>